"","SNP","CHR","BP","P"
"6","rs13483712",20,9129379,0.00154270694627416
"7","CEL-X_8004370",20,9248608,0.00163624884136305
"8","CEL-X_8185552",20,9430856,0.000627082765564047
"9","CEL-X_8334947",20,9580251,0.000458213259627033
"10","CEL-X_8498891",20,9744195,0.000338286729686061
"11","rs13483716",20,10022175,0.00134308766277288
"13","CEL-X_9031623",20,10276927,0.000359666611136654
"28","rs13483724",20,33547979,0.000682730200709332
"37","gnfX.023.543",20,36252785,0.000681861742358737
"43","gnfX.026.801",20,39577766,0.000640234092603917
"44","rs13483731",20,39805923,0.000537967847157452
"51","rs13483736",20,44681722,0.000154811356674593
"52","CEL-X_39961894",20,44966685,0.00102167662827092
"53","rs13483737",20,45229846,0.00137309294112249
"54","rs13483738",20,45515337,0.000223211894855069
"55","rs13483739",20,45769876,0.00137772742827518
"56","gnfX.033.214",20,46066882,0.000718545302363383
"57","rs13483745",20,47090078,0.000165548249209329
"59","rs13483746",20,47777048,0.00183321770098645
"60","rs13483748",20,48083651,0.000988485993072525
"61","gnfX.035.350",20,48285498,0.00173220267754966
"62","rs13483750",20,48727832,0.000200945771524735
"64","CEL-X_44124389",20,49131538,0.000570913940853869
"65","CEL-X_44311522",20,49318671,0.000297201529946033
"66","rs6411410",20,49412403,0.000459577970580711
"67","rs13483753",20,49663745,0.00159209557900991
"68","rs13483756",20,50304095,0.000613833612479693
"69","rs13483757",20,50441355,0.00210854123564132
"70","gnfX.037.760",20,50688037,0.00245686827552827
"71","rs13483759",20,51078517,0.00146734989130412
"72","rs13483761",20,53468970,0.00140748079372388
"74","rs13483763",20,54012800,0.001026797001579
"75","rs13483765",20,54787588,0.00213742992855901
"76","rs13483766",20,55021441,0.000749250662986724
"77","rs13483767",20,55119415,0.000198454932891528
"78","rs13483768",20,55422938,0.000733768817837203
"79","rs13483769",20,55907542,0.00172602101945557
"80","CEL-X_50598124",20,56198734,0.000171968474805298
"82","rs13483770",20,56488574,0.0015986898733992
"83","rs13483771",20,56638870,0.0019137107339378
"84","CEL-X_51185805",20,56786415,0.000622397104446748
"86","gnfX.044.260",20,58076065,0.000567822899383766
"87","rs13483777",20,58428421,0.00124771821385817
"88","rs13483778",20,58726429,0.00094553802254131
"90","rs13483781",20,59628908,0.000184268257881597
"94","rs13483783",20,60897509,0.000323374949222028
"95","rs13483785",20,61595205,0.000790050961943804
"96","rs13483786",20,61868716,0.00421584487250496
"97","rs13483788",20,62202857,0.000440617850777841
"98","rs13483790",20,62557232,0.000535307434492191
"99","rs3695410",20,62801935,0.000316501543056085
"100","gnfX.049.002",20,62871793,0.000694026008612814
"101","rs6317266",20,63211728,0.00152279421856601
"102","gnfX.049.663",20,63548332,0.00243646669356985
"103","gnfX.049.915",20,63816132,0.000106096893746846
"104","CEL-X_58276862",20,63963589,0.000454319679129737
"105","CEL-X_58447083",20,64133810,0.000920842685112469
"106","CEL-X_58802359",20,64489086,0.0022425502331313
"107","CEL-X_58879026",20,64565753,0.000504483145981148
"108","CEL-X_59030482",20,64717209,0.00037817543175962
"109","CEL-X_59174140",20,64860867,0.00099541435989207
"110","CEL-X_59346618",20,65033345,0.000140788943607476
"111","CEL-X_59515625",20,65202352,0.00165594922199086
"113","rs13483797",20,65406352,0.000421857984385529
"114","CEL-X_60181392",20,65868119,0.000562026636697356
"115","rs13483808",20,66262435,7.99606220107653e-06
"116","rs13483810",20,66607314,0.0018966608548648
"117","rs13483811",20,66797987,0.000579684024925683
"118","petM-05810-1",20,66915713,0.000697298997833423
"119","rs13483813",20,67347184,0.00204264546632991
"120","rs13483814",20,68020142,0.00301559265530471
"121","rs13483815",20,68130477,0.00167643382319503
"123","rs3157124",20,68694114,0.00159569748565407
"124","rs13483818",20,69187147,0.000953863950939586
"125","rs13483821",20,69923983,0.00276864020586785
"126","rs13483822",20,70261014,0.00150437418396215
"127","rs13483823",20,70591676,0.00107242805613612
"129","rs13483824",20,71121818,0.00117066597162061
"130","rs13483825",20,71452780,0.000834354838478057
"131","CEL-X_65891570",20,71578424,0.0011325888729703
"132","CEL-X_66015326",20,71702180,0.000549938689537172
"133","rs13483831",20,72973592,0.0016556321677448
"134","rs13483834",20,73568852,0.000712350872419838
"135","CEL-X_67980997",20,73669237,0.00165148831980282
"136","CEL-X_68179178",20,73867418,0.00018095501133832
"137","CEL-X_68306415",20,73994655,0.00101768514154808
"138","CEL-X_68645226",20,74333466,0.0016318975210145
"139","rs13483838",20,74437510,0.00184801639766295
"140","rs13483844",20,75946767,0.00165362247954482
"143","CEL-X_71104123",20,76792363,0.00247677898633964
"145","CEL-X_71438949",20,77128496,0.000298979972273934
"146","rs13483849",20,77442075,0.00233816907739871
"147","CEL-X_71907333",20,77596880,0.000300619576533343
"148","CEL-X_72068607",20,77758154,0.0012776255769898
"149","gnfX.068.981",20,77964046,0.00117032799946294
"150","CEL-X_72627341",20,78316888,0.000484885685738482
"151","CEL-X_72697823",20,78387370,0.00226096363840417
"152","CEL-X_72875547",20,78565094,0.000554850465060304
"153","CEL-X_72954447",20,78643994,0.0017374209220088
"154","CEL-X_73027245",20,78716792,0.000415786343988687
"155","gnfX.070.167",20,79175506,0.000946608922067996
"156","rs13483858",20,79446193,0.000973179388562971
"157","CEL-X_74073918",20,79763465,0.00155135238692123
"158","CEL-X_74272691",20,79962238,0.000723205588117756
"159","rs13483862",20,80269740,6.08724185495854e-05
"160","rs13483863",20,80517164,0.00136973922897308
"161","CEL-X_74985293",20,80674734,0.000468639921172081
"162","CEL-X_75125049",20,80819397,0.00320571128090343
"164","rs13483864",20,81087843,0.00323055947522105
"166","rs13483868",20,81842426,0.000973707722602042
"167","rs13483869",20,82043193,0.000132207981609328
"168","rs3675552",20,82133292,0.00131771674870681
"169","rs13483870",20,82563843,0.00115381370049018
"170","rs3725966",20,82743804,0.00161512703374522
"171","CEL-X_77349091",20,83044767,0.00334866830259047
"172","rs13483873",20,83314801,0.00200091050423082
"173","CEL-X_77780392",20,83474730,0.000866113785544033
"174","CEL-X_77937676",20,83632056,0.00184314465650196
"175","rs3696812",20,83754173,2.05341364283125e-05
"176","rs13483877",20,84193767,0.000802706289994266
"177","rs13483878",20,84490677,0.000223247313581489
"182","rs13483803",20,86920471,0.000497243772548517
"183","rs13483805",20,87440059,0.000246168739443114
"190","gnfX.076.619",20,89920738,0.000707027265079447
"191","CEL-X_84364983",20,90058693,0.000273049150407724
"192","CEL-X_84489847",20,90183557,0.00122720673466469
"193","rs13483881",20,90523699,0.00123944683940827
"194","rs13483884",20,91150109,4.11080461358068e-05
"195","rs13483885",20,91583643,1.04588042487275e-05
"196","rs13459181",20,91781373,0.000402523530968904
"197","rs13483887",20,92246816,0.00231832842725601
"198","rs13483888",20,92516567,0.00203762230616853
"199","rs13483890",20,92842673,0.000979804587760895
"200","rs13483891",20,93098607,0.000726113341538838
"201","gnfX.080.189",20,93378415,0.000815482611346528
"202","rs13483894",20,93694292,0.000919745400005694
"203","gnfX.080.729",20,93920433,0.000711004741123997
"204","rs6182892",20,94171633,0.00108434334308385
"207","rs13483898",20,95119252,0.00191603324394526
"208","rs3672400",20,95472354,0.000557364648277774
"209","CEL-X_89752158",20,95543817,0.00140096920075388
"210","rs13483899",20,95727652,0.000415945142727493
"211","rs13483900",20,95921351,0.00105283156569558
"212","rs3680829",20,96090220,0.00390659357231977
"213","rs13483902",20,96259299,0.000524779841501952
"214","CEL-X_91053089",20,96844748,0.000719637029187151
"215","CEL-X_91222960",20,97014619,0.000734958740609405
"216","CEL-X_91399771",20,97191430,7.64226902037892e-05
"217","gnfX.084.157",20,97424792,0.000754457402413274
"218","rs13483909",20,97614759,0.000917931259201519
"219","rs13483910",20,97921789,0.00134920647752574
"220","rs4232594",20,97921927,0.000355052271862157
"221","rs3714964",20,97961893,0.000738687223993044
"222","gnfX.084.751",20,98027281,0.000758332643859835
"223","CEL-X_92542075",20,98333734,0.000465605178420167
"225","gnfX.086.039",20,99321894,0.00229335132583833
"226","CEL-X_93828383",20,99620042,0.000888674825188797
"227","CEL-X_94143306",20,99934965,0.000438790657589287
"228","rs13483921",20,100855125,0.000805662766389568
"230","gnfX.088.335",20,101637548,0.000641991335486418
"231","CEL-X_97038625",20,102829507,0.000186911062270359
"232","gnfX.089.712",20,103052874,0.00118536752574844
"233","rs13483926",20,103283648,0.00208653780223316
"234","rs13483927",20,103404785,0.000213945990808158
"237","rs13483929",20,104017342,0.000310543406325781
"241","CEL-X_100299803",20,106090685,0.000290727453222256
"242","CEL-X_100430565",20,106221447,8.25790248783597e-05
"243","rs13483933",20,106301805,0.000206913610029795
"244","rs13483935",20,106848378,0.000219162658909931
"245","rs13483937",20,107801150,0.000292799810721996
"246","rs13483940",20,108505842,0.00109029459372128
"247","rs13483941",20,108631420,0.000329064081153686
"248","CEL-X_103176151",20,108962207,0.000483381755564513
"249","rs3653678",20,109152942,0.00033814710657934
"250","CEL-X_103515007",20,109301063,0.000552617110996816
"251","CEL-X_103665758",20,109451814,0.000724480465990365
"252","rs6342003",20,109661290,0.00118689619090459
"253","CEL-X_103972005",20,109758061,0.000379221538422702
"254","rs6296843",20,109904814,0.000583692562110833
"255","CEL-X_104298527",20,110084583,0.000704487993798968
"256","rs13483945",20,110301983,0.000180731965190457
"257","rs13483947",20,110596052,0.000112322452226336
"258","gnfX.097.491",20,110749089,0.000255518214076627
"259","rs3688937",20,110894025,0.000131622016423704
"260","rs13483951",20,111440338,0.00123100918832792
"261","rs13483953",20,111936426,0.00120270089002463
"262","rs13483954",20,112067238,0.000386913214928453
"263","rs13483955",20,112325695,1.01056773726705e-05
"264","CEL-X_106665254",20,112443954,0.00146900611586764
"265","CEL-X_106858553",20,112637253,0.000597838435509858
"266","rs13483956",20,113018810,0.00010010676866391
"267","rs13483957",20,113213587,0.000923226596214453
"268","CEL-X_107572711",20,113351411,0.000161919008777016
"269","CEL-X_107769281",20,113547981,0.000851660450868233
"270","CEL-X_107899661",20,113678361,0.000650019362851501
"271","CEL-X_108186660",20,113965360,0.000327189655745639
"272","CEL-X_108352321",20,114131021,0.000878384554608214
"273","CEL-X_108471562",20,114250262,0.000431256020561021
"274","CEL-X_108641426",20,114420126,0.00052663917979622
"275","CEL-X_108779462",20,114558162,0.000241332176685271
"276","rs13483962",20,114823504,0.000304882571646513
"277","CEL-X_109180276",20,114958976,0.000126949560487061
"278","rs6363550",20,115361139,0.000258871502971565
"279","CEL-X_109731785",20,115510485,0.00133097211492925
"280","CEL-X_109879827",20,115658527,0.0011344924772579
"281","CEL-X_110077745",20,115856445,0.000240349116532653
"282","CEL-X_110179980",20,115958680,0.000311163880499812
"283","CEL-X_110393486",20,116172186,0.000436221009970398
"284","rs13483968",20,116227073,4.5276435839938e-05
"285","rs13483969",20,116359605,0.000393379290128276
"286","rs13483970",20,116596206,0.000547909717905747
"287","rs13483971",20,116918239,0.000215870629054956
"288","rs13483972",20,117408316,0.000508594758635183
"289","CEL-X_111784449",20,117566930,0.000472637463856121
"290","CEL-X_111942763",20,117725244,0.000489772204464944
"291","CEL-X_112072365",20,117854846,0.00121403869488015
"292","gnfX.104.523",20,118081976,0.000622365735444228
"293","CEL-X_112457192",20,118239673,0.000145275384862496
"294","CEL-X_112600207",20,118382688,0.000740399029086038
"295","CEL-X_112904656",20,118687137,0.000354017186159338
"296","rs6403915",20,118813394,0.000175362577744861
"297","rs13483978",20,119006594,0.000664149984854817
"298","CEL-X_113373391",20,119155872,0.000216553261371117
"299","CEL-X_113981399",20,119763880,0.000178432117705986
"300","CEL-X_114105272",20,119887753,0.000343657946451901
"301","CEL-X_114268662",20,120051143,0.000977510385508528
"302","CZECH-X_116527625",20,122993058,0.000360049002780171
"303","rs13483983",20,123440721,0.000510696167380583
"304","rs6283825",20,123812085,0.000714525857425747
"305","rs3023645",20,123942280,0.00039997954257701
"306","CEL-X_117683749",20,124092229,0.000868018926580988
"307","rs13483986",20,124284751,0.000189916940762941
"309","rs6205221",20,126830139,0.0011630301333064
"310","rs6387944",20,127009167,0.000684376239797467
"311","rs13483992",20,127179924,1.10713924444918e-07
"313","rs6221690",20,127572183,0.00141742691826696
"314","rs13483994",20,127815443,0.000236012733947919
"315","gnfX.111.315",20,127957727,0.00264530054000164
"316","CEL-X_121578417",20,128105707,0.000594436690672371
"317","CEL-X_121796581",20,128323871,0.00143589850210639
"318","rs13483997",20,128647949,0.000339083687358599
"319","rs13483999",20,129241255,0.000735242611839052
"320","rs13484000",20,129521903,0.00136831992056272
"321","rs13484001",20,129783295,2.58649956004023e-06
"322","rs13484003",20,130138355,0.00266782266785518
"323","rs13484004",20,130309973,0.00127595226033047
"324","gnfX.113.872",20,130529794,0.00208679289020356
"325","rs13484006",20,130685050,0.000815701122793642
"326","rs13484007",20,130913280,0.000792989551966232
"327","CEL-X_124532966",20,131060256,0.000546281960103496
"328","gnfX.114.823",20,131470454,0.000878141863144902
"329","rs3702256",20,131483657,0.00206274605297759
"330","rs13484013",20,132120831,0.00041567835277104
"331","CEL-X_125736335",20,132263611,0.00222329103869733
"333","rs13484015",20,132663301,0.000853498818334436
"334","rs3697198",20,132751097,0.0020642220782434
"340","gnfX.118.600",20,134859803,1.54719400212532e-05
"342","rs13484030",20,135887017,0.000460151745713843
"343","rs13484031",20,136375148,0.00130368093782295
"344","rs13484032",20,136677450,0.000908541866512397
"345","rs13484034",20,137212870,0.000474377617702672
"392","gnfX.141.820",20,158023454,0.00209355367126228
"399","rs3715531",20,161552327,0.000272779397133145
"400","CEL-X_155234657",20,161702633,0.000849213427848499
"401","CEL-X_155542834",20,161868000,0.000403969328528342
"402","gnfX.145.788",20,162037760,0.000581916687136101
"403","rs13484104",20,162203718,0.000613710752035803
"404","rs13484105",20,162507838,0.00164747013284697
"405","rs13484106",20,162637797,0.000517437245274068
"406","gnfX.146.867",20,163124462,2.60014257774135e-05
"412","gnfX.148.995",20,165265639,0.000187084386732926
"413","rs13484113",20,165892582,0.00197857178937228
"414","rs3683945",1,3187380,0.000102231476329056
"415","rs3707673",1,3397373,0.00132689550919484
"416","rs6269442",1,3482175,0.000633898392617541
"417","rs6336442",1,3570614,0.000661125469710082
"419","rs13475700",1,4088382,0.000670423586593837
"420","rs3658242",1,4133159,0.000922260516114494
"422","rs13475701",1,4516068,0.000494614627186643
"423","rs6198069",1,4711923,0.00118385298791372
"424","rs3659303",1,4757866,0.00122348581223885
"428","rs3674785",1,4851553,0.00111028616771277
"431","rs3677817",1,5175959,0.00316573187661197
"433","rs13475705",1,5585493,0.000192241120123346
"434","rs13475706",1,5896445,0.000691418051387043
"435","rs3710263",1,6047754,0.000571637434113139
"436","rs6333200",1,6217821,0.000112835545138528
"437","rs13475709",1,6645944,0.000948169050515429
"438","rs6298633",1,6820141,0.00102221257692143
"439","rs13475710",1,6958930,0.000123468741277591
"440","gnf01.004.225",1,7241664,0.00135929142042761
"441","rs13475712",1,7387819,0.000323505034112648
"442","rs6321307",1,7664301,0.00131764548158051
"443","rs3707314",1,7674343,0.000658286249116387
"444","rs3717997",1,7842765,0.00165222657176659
"446","rs3684358",1,8073428,0.00326798016862449
"447","mCV23863067",1,8350958,0.000435620261521993
"448","rs13475716",1,8440386,0.00122146950340779
"450","rs13475717",1,8812496,0.0023075686518806
"451","rs13475718",1,8939564,0.00014741773531302
"452","rs3714728",1,9013582,0.000893571637307232
"453","rs3716083",1,9013813,0.00180557381968213
"454","rs13475719",1,9160440,0.00126629112240088
"459","rs3680898",1,9792607,0.00103552784956523
"464","rs3678510",1,10671390,0.00242448800939217
"465","rs13475722",1,10744209,0.00218891711893681
"466","rs3697012",1,10891308,0.000803970901610277
"467","rs6259073",1,11017000,0.00239226893600795
"468","rs6360236",1,11073805,0.000796459144601099
"469","rs13475723",1,11139859,0.000917021273917009
"470","rs3722996",1,11259333,0.00089764736770839
"471","rs3687812",1,11454478,0.00161159728396083
"473","rs3715450",1,11903740,0.00149424067749529
"474","rs3681537",1,11924137,0.000979754684413595
"475","rs13475726",1,12083914,0.000895456532395157
"479","rs13475729",1,12872145,7.55881894076199e-05
"480","rs13475730",1,13115561,2.5432592680816e-05
"481","rs3654377",1,13219170,0.00203850529137004
"482","rs3655978",1,13372970,0.000394560613969695
"483","rs13475731",1,13425990,0.000147252864556754
"484","rs3670630",1,13524679,0.00129452119805172
"485","rs3675633",1,13626563,0.000354033092820632
"486","rs3654866",1,13696998,0.0010957649284528
"487","rs3669485",1,13975153,0.000164293835819947
"489","rs13475733",1,14350303,0.000105551117074847
"490","rs3713198",1,14464844,0.000853818274590265
"491","rs13475734",1,14667136,0.0017472271407776
"492","rs3723784",1,14668577,0.00115655189276907
"496","rs13475736",1,15285739,0.000310472259435734
"498","rs13475737",1,15444739,0.000714231318184689
"499","rs3678179",1,15498164,0.000755184743729036
"500","rs3669513",1,15549818,0.000695849635201898
"501","rs6201380",1,15801632,0.000988312556292516
"502","gnf01.013.065",1,16119367,0.00043966480320726
"503","rs3671256",1,16268622,0.000286254947048497
"504","rs3706411",1,16273555,0.000433038932498317
"505","gnf01.013.270",1,16326055,0.000869659371273039
"506","rs6389205",1,16423625,8.27918831783673e-05
"507","rs13475743",1,16637947,0.00107079925013032
"508","CEL-1_16893098",1,16714243,0.000799129366261728
"510","rs13475744",1,17146217,0.000725706807320142
"511","rs13475745",1,17297861,7.30812691537634e-05
"515","CEL-1_18376533",1,18158733,0.000866911136066301
"517","rs3656562",1,18474570,0.000551024953332692
"518","rs13475747",1,18595589,0.00183472534992969
"519","rs13475748",1,18911661,0.000641838492006274
"520","rs3658044",1,19281740,0.00233689419324387
"521","rs13475750",1,19463709,6.16114548388026e-06
"522","rs13475751",1,19624804,0.000132058753141873
"523","rs3718050",1,19685508,0.0003449207557212
"524","rs6336494",1,19749618,0.00085345798330258
"525","rs13475752",1,19945123,0.000934732692961053
"526","rs3720411",1,20054087,0.00166631171041467
"527","rs6334092",1,20153883,0.00165932634203247
"528","rs6273788",1,20257883,0.000293699392261946
"529","rs3687041",1,20419889,0.00116469059260067
"530","rs3670611",1,20623798,0.000339707793590834
"531","rs6404446",1,20774207,0.000530449717249866
"532","rs3662305",1,20924506,0.000281146439501477
"533","rs3704179",1,21031363,0.000224735949525977
"534","rs13475757",1,21276937,0.000845470708699197
"535","gnf01.018.340",1,21444267,0.0013145145455006
"536","rs6253968",1,21628444,0.00098944656884368
"537","rs3711079",1,21932421,0.00174867113141782
"538","mCV23695025",1,22158385,0.00184621604906151
"539","gnf01.019.189",1,22307016,0.000491913335922681
"540","rs6361963",1,22671798,8.11220666513062e-05
"541","rs6173215",1,22747736,0.00125166384615099
"542","rs3691092",1,22787735,0.000737133755858725
"543","rs13475762",1,22852072,0.000531163757633294
"544","rs6316488",1,23151787,0.00189507227141251
"545","rs3659806",1,23170215,0.0011403485065861
"546","rs3682782",1,23665834,0.00099504204042577
"547","rs13475765",1,23821973,0.00227254459170815
"548","rs4222215",1,24002898,0.00113373535412698
"549","gnf01.020.947",1,24116067,4.74504399839231e-05
"550","mCV24781171",1,24448764,0.000799642633047174
"551","rs13475768",1,24554091,0.000102708693632516
"552","rs6342281",1,24837389,0.000363353622302246
"553","rs13475769",1,24958595,0.00135326413241252
"554","mCV24784983",1,25283960,0.000915929581141267
"555","rs13475771",1,25489265,0.000247778082071327
"556","rs13475772",1,25632182,0.000591849133489676
"557","rs6166266",1,25948625,0.00106415834382804
"558","rs3673503",1,26080074,0.000455765833358614
"559","rs13475774",1,26101662,0.000499925027395754
"560","rs3686971",1,26238099,0.000678044687302497
"561","rs6380710",1,26271174,6.63928341910282e-05
"562","rs13475775",1,26311456,0.00170163004625804
"563","rs3709207",1,26403222,0.00120891524079873
"564","rs13475776",1,26455253,0.00112907056651171
"565","rs13475777",1,26742694,0.000739896353135478
"566","rs3690896",1,26806698,5.69002331159877e-05
"567","rs13475778",1,27037365,0.000232985744937119
"568","mCV22980985",1,27171199,0.000164754135135855
"569","rs3677683",1,27321055,0.000844527041882229
"570","mCV25266528",1,27850672,0.000632900991493654
"571","rs6192641",1,27952444,0.0012261815899932
"572","rs13475783",1,28358145,0.00129414553205177
"573","rs3666231",1,28472943,4.15584640569578e-06
"574","rs13475784",1,28549296,0.000136157764406078
"575","rs3711203",1,28781469,0.00023459751583314
"576","rs13475785",1,28877002,0.000729878153691645
"577","rs3713281",1,29009315,0.00188004145142569
"578","rs6384194",1,29231326,0.000128657213111379
"579","rs3660938",1,29569823,0.00177418497745623
"580","rs6168330",1,29770925,0.00121965146084343
"581","rs3695988",1,29774041,0.000664152628437813
"582","rs13475788",1,29807882,0.00100001197013591
"583","rs3653504",1,29886499,2.67495307913605e-05
"584","rs3722689",1,30020353,0.00134314986477208
"585","rs13475789",1,30062112,0.00199241262028177
"588","rs13475792",1,30609005,5.96446794397063e-05
"589","rs6237824",1,30767250,0.0024530945098066
"590","rs4137502",1,30887517,0.0019905846717313
"591","rs6329963",1,30978157,0.00099466508197784
"592","rs3676270",1,31213164,8.43257777522287e-05
"595","CEL-1_31944599",1,31718379,4.84058761522415e-05
"596","CEL-1_32161591",1,31930676,0.000714126469193093
"597","CEL-1_32373639",1,32142724,0.000498622694376525
"598","rs13475794",1,32201996,0.00122518684299115
"599","rs6272930",1,32391447,0.000104028860978619
"600","rs3655881",1,32509242,0.0036627786308149
"601","rs13475795",1,32555164,0.00065319334673522
"602","rs3707642",1,32568244,0.00059290086704411
"603","rs3088844",1,32756342,0.00152705060117225
"604","rs3664658",1,33236435,0.00147259867386472
"605","rs3690508",1,33302519,0.000352568719443058
"606","rs3725230",1,33388446,0.00172416162273669
"607","rs6379161",1,33591724,0.00234914819410407
"608","rs13475800",1,34021746,0.000583020168539547
"609","rs3681732",1,34187802,0.00102429581837833
"610","rs3709457",1,34231233,0.0011806972032548
"611","rs13475801",1,34247373,0.000762052774624879
"612","rs6282096",1,34297111,0.00217843249226486
"614","rs13475802",1,34647480,0.000211169961921461
"615","rs6251423",1,34814786,0.00137556418804101
"616","rs6279250",1,34861233,0.000217163989045144
"617","rs13475803",1,34867117,0.00108809535955727
"618","rs13475804",1,34986611,0.000372431764110367
"619","rs3657255",1,35090385,0.0018584149089136
"620","rs13475806",1,35444172,0.000164315308071843
"621","rs13475808",1,35595290,0.00178954367289253
"624","rs3683997",1,35935717,0.00257869040906569
"625","rs13475810",1,36052483,8.7542507508389e-05
"626","rs3684440",1,36217447,0.00128309248334289
"627","gnf01.032.979",1,36250124,0.001270072768238
"628","rs13475813",1,36635281,3.67170169815264e-05
"629","gnf01.033.663",1,36936227,0.000502465936122206
"630","rs13475815",1,37181393,0.000695711399233512
"631","mCV23749183",1,37372166,0.00109140744348952
"632","rs4222275",1,37467158,0.000791107492821486
"633","rs13465624",1,37495508,0.0022372509349853
"634","rs3692113",1,37543535,5.32860868546562e-05
"635","rs13475816",1,37614683,0.00132108833281502
"636","UT_1_38.719268",1,38078988,0.000824749101410287
"637","rs13475818",1,38093485,0.00137162738297575
"640","rs3706514",1,38555850,0.000372227241277466
"641","rs13475820",1,38574031,0.00157122870069156
"642","rs3685569",1,38607147,8.57981397898872e-05
"643","rs4222295",1,39052951,0.000159645975830784
"644","rs4222297",1,39053030,0.00031175092960994
"645","rs6387241",1,39355725,0.000779767260387322
"646","rs3665127",1,39469790,0.000201148686397599
"647","rs13475821",1,39578671,0.000487105616664405
"648","mCV23414826",1,39842520,0.00040003579779724
"649","rs3680400",1,39913615,0.00220644614464716
"651","gnf01.036.770",1,40030540,0.000227253118154307
"652","rs13475824",1,40338843,0.000287440536036925
"653","rs3677272",1,40638646,0.000803116886375818
"654","rs3708475",1,40744893,0.000544953627153877
"655","rs3696088",1,40885592,0.000803255453582263
"656","rs13475827",1,40990837,0.00198592764685728
"657","gnf01.037.906",1,41151371,8.23242660453005e-05
"658","gnf01.038.101",1,41346875,0.000402520081137501
"659","rs6163163",1,41592371,0.000123596158935855
"660","rs3671534",1,41674873,8.42950008681634e-05
"661","rs6262666",1,41708879,0.000631457738640408
"662","rs13475831",1,41965597,0.000529532482272394
"663","rs3663706",1,42070232,6.69215079522869e-05
"664","mCV23641317",1,42154559,0.00117772529936361
"665","rs13475833",1,42216422,0.000408673879997135
"666","rs13475834",1,42520890,0.000792856595528826
"667","rs3675140",1,42549742,0.00110089284844956
"670","rs3662842",1,43506210,0.000248099962108463
"671","gnf01.040.802",1,43515632,0.000177645264454081
"672","rs13459182",1,43799139,0.000559103988342728
"673","rs13475840",1,44144743,1.5272335795288e-05
"674","rs8253394",1,44203995,0.00178463940783006
"675","rs8253429",1,44223834,0.00141320345374882
"676","CEL-1_44668113",1,44381712,0.00088926035232346
"677","CEL-1_44810350",1,44524025,0.00070940507244916
"678","CEL-1_44961199",1,44668125,0.00253417688023184
"679","CEL-1_45140230",1,44847135,0.00143580571679791
"680","rs13475845",1,45189507,0.00140747464146355
"682","rs3655885",1,45495093,0.000144278850454777
"683","rs3654040",1,45503997,0.000305892394526788
"684","rs3668645",1,45504066,0.000313478827793329
"685","rs6370110",1,45566104,0.000609579298854759
"686","mCV23249065",1,45641714,0.000408009188371299
"687","rs13475847",1,45969119,0.00197078227045274
"688","CEL-1_46578837",1,46274923,0.000932367838999136
"689","CEL-1_46722648",1,46418789,0.00123246637859021
"690","CEL-1_46877767",1,46573908,0.00171397016226196
"691","mCV23614325",1,46614299,0.00168501380387922
"692","rs13475849",1,46895553,0.00183755809330002
"693","rs6322563",1,46925571,0.000374259086482886
"694","gnf01.044.538",1,47260916,0.00155145858788656
"695","rs13475851",1,47537961,0.000759027771396205
"697","rs13475853",1,47881475,0.00218954706775095
"698","rs13475854",1,48200927,0.000685786093212941
"699","rs3682720",1,48220289,0.00120525711782725
"700","CEL-1_48677147",1,48361345,0.000893711086239086
"701","CEL-1_48980672",1,48664634,2.30298396086215e-05
"702","rs13475856",1,48807560,0.000267798860321091
"703","rs3660154",1,48962196,0.00050036186387422
"704","rs13475857",1,49123228,0.000962486866845184
"705","rs3659331",1,49255589,0.000862286312356863
"706","CEL-1_49727976",1,49416914,0.00103492154990008
"707","CEL-1_49807741",1,49496117,0.00200086627618764
"708","CEL-1_49993068",1,49680220,0.00151967481462397
"710","rs3671038",1,50157142,0.000319526664973029
"711","rs3724092",1,50296788,0.00143593878515109
"712","rs13475863",1,50773311,0.000168978136507978
"713","rs13475864",1,51121619,0.000410314027453651
"714","mCV23591750",1,51301640,9.84352149499361e-05
"715","rs13475866",1,51455442,0.000986278412765781
"716","rs13475867",1,51544780,0.00134793453107593
"717","rs13475870",1,51843041,0.00185731485762785
"718","rs6217547",1,51990410,0.000870995483105681
"719","CEL-1_52638753",1,52324876,6.15964076064449e-05
"722","rs13475872",1,53068265,0.000955687975145018
"725","rs6183203",1,53533021,0.001568894256744
"726","rs6253368",1,53830820,0.00132831485965225
"727","rs6386920",1,54152466,0.000189477342625795
"729","rs13475875",1,54800986,0.000585621137495249
"730","rs3668074",1,55043166,0.000318152391856557
"733","rs3723035",1,55611951,0.000581881055753768
"734","rs3726233",1,55923721,0.00217107227881003
"736","rs13475877",1,56225326,0.000312717111843179
"737","rs13475878",1,56430707,0.000650351237240543
"738","rs3653534",1,56866196,0.000253797477067963
"739","rs6341554",1,56961711,7.42365871730767e-05
"741","rs3726337",1,57430574,0.000149743471270984
"744","rs13475879",1,57882115,0.00192194036486737
"745","rs8238898",1,58111588,5.38034965818344e-05
"746","rs3686293",1,58173164,4.8417648366686e-05
"747","rs6227165",1,58239013,0.00106074058634883
"748","rs3663226",1,58293554,0.00139412184128682
"751","petAF067836-350A-1",1,58883668,0.00189678468807239
"752","rs6245700",1,59176397,0.000600595462277719
"753","rs3713747",1,59220671,0.00111172001809358
"754","rs6206420",1,59277251,0.00125078669073387
"757","rs6353774",1,59779921,0.000819214387687263
"758","rs6378552",1,59898235,0.000290836691059324
"759","rs3724121",1,59978136,0.000780143705414525
"763","rs3661555",1,60819631,0.00100868771943028
"764","rs3158157",1,61162279,0.000645512105189149
"766","rs8254826",1,61430362,0.000165756191947826
"768","rs3716105",1,61597351,0.000377844910106706
"769","rs13475888",1,61879339,0.00122287333177814
"773","rs13475891",1,62750655,0.000278701022870999
"775","rs6322485",1,63303607,0.000430588190509588
"776","rs6239834",1,63357947,0.000471380955993693
"778","rs3703813",1,63626032,0.000423645118140113
"779","gnf01.061.416",1,63947477,0.00102958325606623
"780","rs3163007",1,64087583,0.00210444762805499
"781","rs3162895",1,64247914,0.000168686936079717
"782","rs3687534",1,64410722,0.00168698452663727
"783","rs6212146",1,64453971,0.000766005669676891
"784","rs3726861",1,64732030,0.000131007650329386
"785","rs6293581",1,64789238,0.00137925008993681
"786","rs6395308",1,64919647,0.00220197384355017
"787","rs3022802",1,65092280,0.000575294638077029
"788","rs13475896",1,65111496,0.000564846633418754
"789","rs4137302",1,65557718,0.00123121269785095
"790","rs13475899",1,65744752,0.000534350377177718
"791","rs3719486",1,65946827,0.000745892660334992
"792","rs13475900",1,65987391,0.00216529769639479
"793","gnf01.063.789",1,66311320,0.000398281375076712
"794","rs13475902",1,66461385,0.00176203066377472
"795","rs3722989",1,66762886,4.59099725625451e-05
"796","rs13475903",1,66782643,0.00134545078623709
"797","rs4222406",1,66843903,0.00169913829515948
"798","rs3712639",1,67023705,0.0012054175243553
"799","rs13472794",1,67277570,0.000243163437712345
"800","rs3698088",1,67384791,0.00117202397518869
"802","rs6368250",1,67623575,0.0014096746249452
"803","rs3665792",1,67823632,0.000821958197925329
"805","rs13475907",1,68121913,0.0014555320772711
"807","rs6288543",1,68556856,0.000466479113233651
"811","rs6312657",1,69048354,0.000720021079714629
"812","rs3681669",1,69175835,0.000152415808727918
"813","rs3659932",1,69302777,0.000772488588302844
"818","rs6323094",1,70774688,0.000593152845970225
"821","rs13475914",1,71676194,0.000897704376866126
"822","rs6191076",1,72000685,0.00019952979114911
"823","rs3722564",1,72159348,0.000254787519979143
"824","rs3716722",1,72361284,0.00051466078793514
"825","rs4222426",1,72440911,0.00119764026689726
"826","rs3687595",1,72735206,0.000582558750725373
"827","rs6163328",1,72856149,0.00108534896558514
"828","rs13475919",1,73020454,0.000586937193607931
"829","rs3665947",1,73104314,0.000632154468380844
"830","rs13475920",1,73257685,0.000143575614024703
"831","rs13475921",1,73464630,0.00030623820455845
"832","mCV23057534",1,73645168,0.00125936540756854
"833","rs13475922",1,73785852,0.0014688155802453
"834","rs13475924",1,74335917,0.00045490824941991
"835","gnf01.076.508",1,74415713,0.000491517998156573
"836","rs3713616",1,74488036,0.00118252457768743
"837","rs13475926",1,74635389,0.00163679708061695
"838","rs6356603",1,74948559,0.000582468570963571
"839","rs13475927",1,74948665,0.000187340634209733
"840","rs6405821",1,75283346,0.000623101956962094
"841","rs3702635",1,75480846,0.000295421481023481
"845","rs13475929",1,76026578,0.00158445684377624
"846","rs13475930",1,76153308,0.0016151717397152
"847","rs3676306",1,76197588,0.000421157829836788
"848","rs13475931",1,76371490,0.000974335653923114
"849","rs3699038",1,76386570,7.56868233470458e-05
"850","mCV24115911",1,76524728,0.0015767332982247
"852","rs3715800",1,76887544,0.000333697214461428
"853","rs3670525",1,76947485,0.00129690382550157
"854","rs6200201",1,77138595,0.000323919299497372
"855","rs3722710",1,77223961,0.000617283333691674
"856","rs13475934",1,77290358,0.00169877969756283
"857","rs3672387",1,77496450,0.00154833338289536
"858","rs3703285",1,77565775,0.00289203547883847
"859","mCV22884877",1,77669893,0.00288650030559927
"860","gnf01.075.385",1,77901104,0.000351927072265223
"861","rs6321468",1,78026226,0.00178190206473473
"862","rs3667200",1,78164064,0.000426528341886759
"863","rs6182343",1,78312425,0.00010391910626559
"864","rs13475939",1,78684189,0.000230293725969639
"867","rs3698264",1,79343078,3.33167569217849e-05
"868","rs8253473",1,79431821,0.000929951207014275
"869","rs3692549",1,79761157,0.00015700092955794
"870","rs3675339",1,79900188,0.000146057455663646
"871","rs13475943",1,79955130,0.000649510203846954
"873","mCV23431007",1,80322328,0.00030713972048746
"874","rs13475945",1,80586565,0.000990501408280136
"875","rs13475946",1,80719179,0.00111767237506047
"876","rs13475947",1,80948149,0.000481030956534484
"877","mCV23433457",1,80976465,0.00199432168563188
"878","rs6290463",1,81372425,0.000574090444193115
"879","rs13475948",1,81435758,0.000581619504764173
"880","rs13475950",1,81806452,0.00109817839117515
"881","rs6207863",1,81864331,8.46152311463325e-05
"882","rs13475951",1,82023144,0.00112045924479907
"886","rs13475954",1,82900914,0.00136634521940364
"887","rs13475955",1,83335405,0.000397233909903646
"888","rs6288514",1,83524951,0.000717018025418201
"889","rs6282758",1,83642079,0.000764670745275044
"892","rs4222486",1,84300299,0.00132728225739135
"893","rs8253487",1,87559483,0.00176337758249648
"895","rs3678377",1,87687879,0.000767620623901364
"896","rs3723062",1,87878368,8.37908768524395e-05
"899","rs3694406",1,88316593,0.000357790142368439
"902","UT_1_89.100476",1,89095265,0.00160354312961323
"903","petM22381-169-2",1,89100611,0.000177907311553604
"904","rs13475967",1,89386111,0.000132755490642863
"905","rs6234856",1,89812868,0.00034722990741419
"906","rs13475970",1,90246244,0.000656254925290366
"907","rs6195073",1,90479098,0.00137531035780553
"908","rs3670389",1,90636811,0.00110000361479493
"909","rs13475972",1,91001477,0.000605413271755533
"910","rs13475960",1,91106713,0.00112738634547119
"911","rs6250696",1,91182733,0.00192735321353535
"912","rs13475973",1,91391485,0.000586761485903306
"913","gnf01.089.691",1,91647465,0.000592019566020674
"914","rs6226012",1,91918143,0.000184556453760005
"915","mCV22863351",1,91958325,7.86808431405028e-05
"916","rs6255203",1,92306052,0.00203057468422467
"917","rs3022827",1,92554399,0.00077508018951826
"918","rs3702854",1,92719618,0.00104020391798712
"919","UT_1_92.862916",1,92847028,0.00150155726431884
"920","rs4138577",1,92906418,0.000234522018408506
"921","rs3687969",1,92998933,0.00100479408719953
"922","rs13475979",1,93218794,0.00186152160448504
"923","rs13475980",1,93549872,0.00158616330175741
"924","rs3664800",1,93723996,0.000797359785886111
"925","rs13475981",1,93932364,5.54213785733155e-05
"926","mCV24380249",1,94034705,0.0015849884720072
"927","rs13475982",1,94229206,0.000971511984478836
"928","rs13475984",1,94608216,0.00068964190603881
"929","rs13475985",1,94845861,0.0013502463811868
"930","rs3692309",1,95147980,0.00095516030843301
"931","rs6268443",1,95279064,0.000218491067413669
"932","rs13475988",1,95514059,0.00176888387972682
"933","rs13475989",1,95905962,0.000366431651911127
"934","mCV24377815",1,95933814,0.00136228641358421
"935","rs13475990",1,96160263,0.00122846803456127
"936","rs13475991",1,96419718,0.00125127845475328
"937","rs13475993",1,96873766,0.00136677705952904
"938","rs3675505",1,97035444,0.000749269309537927
"971","gnf01.102.630",1,104669880,0.000862789753828472
"972","CEL-1_102831225",1,104831058,3.00572023795464e-05
"973","CEL-1_103029662",1,105029687,0.000546529317633647
"974","rs3717264",1,105114296,0.00164072193169178
"975","CEL-1_103251925",1,105246813,0.00147652564929989
"976","rs13476024",1,105452680,0.00121513335266023
"977","gnf01.103.560",1,105621340,0.000749712514337601
"978","gnf01.103.869",1,105918304,0.000557978704521583
"979","gnf01.104.109",1,106140881,0.000749727126906568
"980","rs3664662",1,106448410,0.00116393633148344
"981","rs13476030",1,106773359,0.00010407477479137
"982","rs3707424",1,107216898,0.000320796068561569
"983","rs3696200",1,107241903,0.000579252147952196
"984","CEL-1_105423103",1,107398179,0.00060477862086224
"985","CEL-1_105566001",1,107541004,0.00107451490361395
"986","rs13476033",1,107790431,0.000637549839530189
"987","rs3692731",1,107878272,0.000283757778204517
"988","gnf01.105.982",1,108029691,0.00105717813093424
"989","rs4222552",1,108290775,0.000588097808353973
"990","rs6174159",1,108527541,0.000168330996520492
"991","rs13476036",1,108755258,0.000103059495887963
"992","rs3664301",1,108980302,0.000192286292566006
"993","gnf01.107.327",1,109384592,0.000883564154526353
"994","rs6398681",1,109480190,0.00156860123415925
"995","rs13476039",1,109503687,0.00112178123372532
"996","rs13476040",1,109849674,0.000527478147023993
"997","rs3689841",1,109938715,0.00108215457627489
"998","rs13476042",1,110274945,0.000341398060063136
"999","rs13476044",1,110578048,0.00287040219208819
"1000","rs3663003",1,110649735,0.000816475052273337
"1001","rs3685665",1,110723432,0.000367966750310849
"1002","rs13476045",1,110960752,0.00227757934054502
"1003","rs3685919",1,111528220,0.000683908548032928
"1004","rs6382744",1,111757970,0.000167538015090652
"1005","rs13476049",1,112135450,0.00123649384115147
"1006","rs6319405",1,112363008,0.000669506024947683
"1007","rs13476050",1,112508191,0.00254061254146587
"1008","rs3710646",1,112847342,0.000954544311025777
"1009","rs3722486",1,112873428,0.000505819967089334
"1010","rs13476051",1,112981365,0.000837139855944251
"1011","rs3693142",1,113056224,0.000124020063873261
"1012","CEL-1_111340582",1,113220791,0.00104201338292237
"1013","CEL-1_111503693",1,113377871,0.000175942269752789
"1014","CEL-1_111615007",1,113488199,0.000597571243929747
"1015","rs6168275",1,113642950,0.000191114546185682
"1016","rs3726043",1,113654052,0.00104480626535528
"1017","mCV22824651",1,114217762,6.73282835332746e-06
"1018","rs13476055",1,114308797,0.000753439033584343
"1019","CEL-1_112734899",1,114611050,0.00218036314342193
"1020","CEL-1_112874552",1,114747294,3.81820772786955e-05
"1021","CEL-1_113029739",1,114902481,0.00139182540515878
"1022","rs3693265",1,115024490,0.000822019046590141
"1023","rs3721888",1,115245995,0.00124321961817458
"1024","rs3662693",1,115424443,0.00209377230901269
"1025","rs13476060",1,115486093,9.76547002535421e-05
"1026","rs3697152",1,115554540,5.22802652975209e-05
"1027","rs13476061",1,115758378,0.000975521435583535
"1028","rs13476062",1,115909915,0.000894551965109067
"1029","rs3725808",1,116045258,0.00131912694641653
"1030","gnf01.114.116",1,116256461,0.000194174394571238
"1031","mCV23695506",1,116281910,0.000722487383295404
"1032","rs13476064",1,116488402,0.00100013976627109
"1033","rs13476065",1,116680699,0.00209230900456247
"1034","rs13476066",1,116854001,0.00108636959760488
"1035","rs13476067",1,117157840,0.000583260117862438
"1036","rs6408002",1,117320710,0.00030792161533343
"1037","mCV24201027",1,117626679,0.00162567508794996
"1038","rs6163037",1,117711863,0.00169479165147078
"1039","rs13476069",1,117932705,0.000735640780659785
"1040","rs3725409",1,118309925,0.000577699937642832
"1041","gnf01.116.283",1,118454408,0.00373875366168671
"1042","rs3694901",1,118662454,0.00146661729088886
"1043","rs3727162",1,118830681,0.0011738983629746
"1044","rs3694226",1,119019001,0.00124419807334739
"1045","rs6259837",1,119163827,0.000301997412891927
"1046","rs3674655",1,119246508,0.00135470152705332
"1047","CEL-1_117526378",1,119395220,0.000804804158247664
"1048","gnf01.117.970",1,120206086,0.000930200582362483
"1049","rs3679459",1,120341734,0.0010992431022555
"1050","rs6216134",1,120379270,0.00202420127212134
"1051","rs3695581",1,120636961,0.00104029968685301
"1052","rs13476077",1,120871654,0.00100821146834259
"1053","rs3719973",1,120970084,0.00162658345776998
"1054","rs13476078",1,121065863,0.000416000544535195
"1055","rs13476079",1,121277233,0.000234967653119798
"1056","rs6373485",1,121392751,4.39249315434971e-05
"1057","rs13476081",1,121756602,0.00089215175195996
"1058","rs3723088",1,121957599,0.000938365101372598
"1059","rs6302966",1,122017145,0.00146348620988689
"1060","rs3696498",1,122190227,0.000449500344611215
"1061","rs3678634",1,122503972,3.57126368741308e-05
"1062","rs3667720",1,122817084,0.00129815320747672
"1063","rs13476083",1,123358415,0.000382587873809877
"1064","rs3686671",1,123825117,0.00115514001275937
"1065","rs13476085",1,123887380,0.00115443249700535
"1066","rs13476086",1,124120589,0.00171006152443154
"1067","rs13476088",1,124378477,5.34693742763618e-05
"1068","rs13476089",1,124563639,0.000495030214653542
"1069","rs6288019",1,124702258,0.000718233626235235
"1070","rs3717360",1,124897142,0.000717427791866414
"1071","rs13476090",1,125220807,9.52639534598118e-06
"1072","rs3691057",1,125295052,0.000892054821353411
"1073","rs13476091",1,125550610,0.000670017587605887
"1074","rs3694822",1,125741582,0.000722311818003545
"1075","gnf01.123.653",1,125888571,0.00100252850690008
"1076","rs6189020",1,126516398,0.000450531814392591
"1077","gnf01.124.355",1,126583267,0.000365486170177035
"1079","rs3687720",1,126908217,0.00028112553023108
"1081","rs3022832",1,127170858,0.00164858344797719
"1082","rs13476094",1,127192297,0.000588267177201079
"1083","rs13476095",1,127481668,0.000146555897122819
"1085","rs3090765",1,127760938,0.00227948852420423
"1086","rs4222576",1,127764297,0.00321704735699212
"1087","rs4222577",1,127764331,0.000335259011045624
"1088","rs3716165",1,127835142,0.000386285190413156
"1089","gnf01.125.767",1,128002031,0.00305696819625537
"1090","rs6281562",1,128188852,0.000196880360163082
"1091","rs13476098",1,128464682,0.000444116190874462
"1092","rs6228473",1,128523738,0.00212070920713861
"1093","gnf01.126.387",1,128625610,0.00161077617493471
"1094","rs3691374",1,128830004,7.66354575957022e-05
"1095","rs13476100",1,128842716,0.000158364992580347
"1096","rs6263067",1,129064713,0.00118519681698367
"1097","gnf01.127.292",1,129548134,0.000165391954522916
"1098","rs13476104",1,130155459,0.000316699945270045
"1099","rs6354736",1,130226490,0.00108476084068207
"1100","gnf01.128.089",1,130357492,0.000738145722212118
"1101","rs8256197",1,130485541,0.00212777146815983
"1102","rs8256196",1,130485574,0.000726589640596864
"1104","rs13476107",1,130928323,0.000328121494030105
"1107","rs6281838",1,131841777,1.58328794683525e-05
"1108","rs6247903",1,132015036,0.000201898976011416
"1109","rs6355835",1,132515586,0.00127219781587137
"1110","rs4222611",1,132641037,0.000813948815294879
"1111","rs13459051",1,132747429,0.000354192485856546
"1112","rs3699561",1,132988657,0.0020629099820653
"1113","rs6308228",1,133189078,0.00192597996810285
"1114","rs6329578",1,133313859,0.000530839280575537
"1115","rs3724826",1,133401871,0.00076011412125684
"1116","rs6250833",1,133558414,0.000445322540520792
"1117","rs4222623",1,133564393,0.00090935187048544
"1118","rs13476111",1,133649413,0.0014998917909687
"1119","rs3718090",1,133662206,0.000736698920034336
"1120","rs13459052",1,133878180,0.000848516619514074
"1121","rs3713473",1,133972776,9.95887461037222e-05
"1122","rs13476112",1,134201085,0.00427873651934518
"1123","rs3678662",1,134378391,0.000680665084171512
"1124","rs6350018",1,134394446,0.000989720687355382
"1125","rs3681022",1,134469686,0.000569221359684716
"1126","rs13476114",1,134844019,0.00106028607102921
"1127","rs6241653",1,134993149,0.000151628470984902
"1128","gnf01.132.831",1,135115263,0.000477403745086319
"1129","rs3022833",1,135256658,0.000170861839011893
"1130","rs3164478",1,135283762,0.00157985069076462
"1131","rs6400391",1,135695542,0.000356600766728824
"1132","rs13476118",1,135890943,0.0021965034560849
"1133","rs13476119",1,136107190,0.000107876962236602
"1134","gnf01.134.124",1,136413708,0.000655974644112554
"1135","rs3703729",1,136426434,8.004218259544e-06
"1136","UT_1_137.539742",1,136529119,0.00105350438066412
"1137","rs3664806",1,136549781,0.00132609387621049
"1138","UT_1_137.66161",1,136644400,0.000538829519112037
"1139","rs13476122",1,136766629,0.000384049938241662
"1140","rs6290558",1,136955914,0.00214521960274134
"1141","rs8250053",1,137052420,0.00128615467077344
"1143","rs8270851",1,137179674,0.00325858433176783
"1144","rs4222666",1,137279078,0.00174707444996223
"1145","rs3667307",1,137411836,5.78414031234819e-05
"1146","rs8260536",1,137702249,0.000292532996954738
"1147","rs8236489",1,137706366,0.000585978043739173
"1148","rs3674857",1,137733097,0.00102921411052376
"1149","rs13476125",1,138014096,0.00130919354440926
"1150","rs3691222",1,138214393,0.00305055960562411
"1151","rs6406033",1,138462885,0.00103559568640711
"1152","rs13476128",1,138720562,4.66364037923678e-05
"1153","rs3688929",1,138949650,0.00183567625426216
"1154","rs13476129",1,139032215,0.00380560404265917
"1155","rs6279930",1,139274970,0.000600407854202763
"1156","rs13476130",1,139400028,0.000940309601535574
"1157","rs6250257",1,139536882,6.48434539243712e-05
"1158","rs13476132",1,139778485,0.000247480406977519
"1159","gnf01.137.841",1,140096429,0.000611404080510506
"1160","rs3700475",1,140106698,7.04724592539584e-05
"1161","rs6327536",1,140161662,8.22633783442256e-05
"1162","rs13476134",1,140272671,0.000151953121501402
"1163","rs13476136",1,140723654,0.0023787387044158
"1164","rs13476137",1,141128063,0.000874961181032061
"1165","rs13476138",1,141417567,0.000424505048536572
"1166","CEL-1_140236219",1,142191594,0.000423795628341198
"1167","rs13476140",1,142246107,0.000576557105763071
"1168","rs13476141",1,142430268,0.00198688016897205
"1169","CEL-1_140588762",1,142546041,0.000406575599636009
"1170","CEL-1_140824701",1,142771180,0.00068929123325496
"1171","CEL-1_140926026",1,142872797,0.00159911186306728
"1172","rs3726927",1,142971591,0.00100241262360317
"1173","CEL-1_141172452",1,143120116,0.00101387714565162
"1175","CEL-1_141546057",1,143492003,0.00141962094927048
"1177","rs3700190",1,143758771,0.000418728186604578
"1178","rs6338757",1,143862958,7.96113743516812e-05
"1179","rs6382880",1,144417976,0.000796431117530744
"1180","rs13476147",1,144498343,0.000942779659299901
"1181","rs6400717",1,144756511,0.000902134471309641
"1184","rs3703202",1,145781240,0.00176647412194892
"1185","rs13476152",1,145959689,0.000481401568716405
"1186","rs3722434",1,146031867,0.00116220474408456
"1187","rs3655943",1,146035912,0.000735459593059362
"1188","rs13476153",1,146127122,0.000536158453213234
"1189","rs13476154",1,146356532,0.000403520851493361
"1190","rs6186115",1,146560136,0.000220763227356656
"1191","rs6194815",1,146674957,0.000129600245621855
"1192","rs3718645",1,146780105,0.00049952540677202
"1193","rs13476155",1,146800236,0.00120648420572757
"1194","rs3672697",1,147028388,0.00211950056959259
"1195","rs6202860",1,147391248,0.00056914465794299
"1196","mCV23572856",1,147423333,0.000526078121512255
"1197","rs13476158",1,147636079,8.438275265208e-05
"1198","rs6364156",1,148052886,0.000776505712410493
"1199","rs6185344",1,148180039,0.000780762553013399
"1200","rs3022838",1,148330919,0.00030210010187907
"1201","rs13476161",1,148385302,0.000339119163474054
"1202","rs13476163",1,148717544,0.000385440338716275
"1203","rs3688638",1,148926916,0.00146677710029094
"1204","rs3711440",1,149096403,0.000555859381907277
"1205","gnf01.146.964",1,149315746,0.000630065292891953
"1206","rs13476167",1,149455833,0.000882256481692429
"1207","rs13476168",1,149775915,0.000242766338342248
"1208","CEL-1_148016934",1,149930071,0.00125011024648587
"1209","CEL-1_148141836",1,150054973,0.00154959359781075
"1210","CEL-1_148309017",1,150222154,0.000578985121250306
"1211","rs13476170",1,150421841,0.000383535706259484
"1212","rs3657056",1,150739734,0.00054648091154538
"1213","rs6411476",1,150827006,0.000115523735439107
"1214","gnf01.148.750",1,151137695,4.12614462362619e-05
"1215","rs6264289",1,151551112,0.000902021481270273
"1216","rs3023658",1,151663504,0.000422487786051583
"1217","rs3654223",1,151672281,0.000621284696777325
"1218","rs3680033",1,151676987,0.00106723755446608
"1219","rs3680116",1,151677034,0.00127900656991557
"1220","gnf01.149.342",1,151748240,0.00171394154746026
"1221","gnf01.149.507",1,151906969,0.000848645166602926
"1222","CEL-1_150140505",1,152045236,0.000500606944493042
"1223","rs13476177",1,152490906,0.000858131859259549
"1224","rs3676801",1,152610665,0.000818877845582165
"1225","rs13476178",1,152618828,0.00135068629849497
"1226","rs6393307",1,152871994,0.000540230609638077
"1227","rs3688042",1,153102842,0.000756803391887136
"1228","rs13476180",1,153178032,0.00209107546500986
"1229","rs6263578",1,153343874,0.00193272031378588
"1230","rs6398113",1,153539422,0.000816101188293051
"1231","gnf01.151.323",1,153751897,0.000760886512632169
"1232","rs6267646",1,154395866,0.0022059936451288
"1233","rs3706385",1,154474122,0.000934841627819669
"1234","CEL-1_152747565",1,154628004,0.000484401875467313
"1235","CEL-1_152888326",1,154761179,0.00190761827526383
"1236","rs13476184",1,155031904,0.00103939775687806
"1237","rs6305232",1,155074508,6.17823945172529e-05
"1238","rs3674280",1,155080375,3.5427578079894e-05
"1239","rs6362681",1,155319003,0.000142127414282095
"1240","mCV24629487",1,155607704,0.00043876293789187
"1241","rs13476186",1,155739012,0.000742643516821889
"1242","rs8242897",1,155750893,0.00117420480843727
"1243","rs13476187",1,156052463,0.00051059027241841
"1244","rs6181202",1,156456142,0.00242148289762049
"1245","rs6248193",1,157307057,0.00037289676837919
"1246","rs6194543",1,157588821,0.00151800736766186
"1247","rs3709142",1,157663164,0.0005757004327812
"1248","rs13476192",1,157761841,0.000347391046039569
"1249","UT_1_113.684537",1,157900306,0.000589350211112351
"1250","rs13476193",1,158193442,0.000418485633854528
"1251","rs3677638",1,158391313,0.00125839866600662
"1252","rs13476194",1,158579145,0.000359044063590435
"1253","rs3721839",1,158662701,9.26632806110736e-05
"1254","rs4222732",1,158738631,0.000349130157769828
"1255","rs13476195",1,158916022,0.00202619981351961
"1256","rs3719034",1,159088034,0.000567111102486169
"1257","rs6384235",1,159139592,0.000234342193677481
"1258","rs6400326",1,159295625,0.000893603403489651
"1259","rs3726420",1,159640513,0.00283094046209345
"1260","gnf01.157.188",1,159709581,0.000568744307647924
"1261","rs6387609",1,159830414,0.000865509003981573
"1262","rs3696645",1,159872834,0.000286058584017996
"1263","rs6209248",1,160302534,0.000274153388238006
"1264","rs3653666",1,160477103,0.00154642474790444
"1265","rs13476200",1,160617412,0.00207549296600624
"1266","UT_1_162.177895",1,160621550,0.00164037157759931
"1269","rs3709285",1,160964987,0.000868191918701911
"1270","rs13476201",1,160995436,0.00280084447633269
"1271","rs3701299",1,161032854,0.000411651463967069
"1276","rs13476203",1,161799352,0.000954627273358774
"1277","rs3701630",1,161813131,0.000527401936446046
"1278","rs3672701",1,161854716,0.000171430280632802
"1279","rs3693161",1,162215119,0.000540059409724049
"1280","rs3662685",1,162437643,0.000357673471221959
"1281","rs13476205",1,162450321,0.00056192492213374
"1282","rs4135672",1,162990315,0.000265766185063994
"1283","rs13476207",1,163036833,4.49156840213153e-05
"1284","rs4135752",1,163265710,1.19823446824375e-06
"1285","rs3661305",1,163449776,0.000779942827740106
"1286","rs6225956",1,163488843,0.000488146602237601
"1287","rs3685700",1,163553621,0.00107194144612062
"1288","rs3689151",1,163768033,0.00119157103835925
"1289","rs4222745",1,163901382,0.000179576145890685
"1290","rs13476208",1,163955713,0.00174182671958254
"1291","rs3677385",1,164073118,0.000659387930346579
"1292","rs3685643",1,164180091,0.000710924932017242
"1293","rs13476209",1,164410272,0.000910493974379511
"1294","rs4222751",1,164528748,0.00180522468141201
"1295","UT_1_166.202462",1,164579340,0.000697522943079261
"1296","UT_1_166.202527",1,164579409,0.000110860265890474
"1297","rs13476210",1,164679989,0.000532251226035726
"1298","rs3695661",1,164934995,0.000506861758409702
"1299","rs13476211",1,164990766,0.000126538052119492
"1327","rs13476223",1,169640335,0.000632613494822964
"1328","rs6224524",1,169890101,0.00141107784108194
"1329","gnf01.167.396",1,169907733,0.000751605556103273
"1330","rs3714825",1,170146665,0.000700351084504303
"1331","rs3676031",1,170259338,0.00345522326068455
"1332","rs13476226",1,170276397,0.000897160173339262
"1333","rs3699304",1,170340875,0.000519253690008215
"1334","rs13476227",1,170595717,0.000678445099218915
"1335","rs13476228",1,170908411,0.00030538965689937
"1336","rs13476229",1,171235205,0.00149034186369043
"1337","rs3657320",1,171308984,0.000279262818695207
"1338","rs13459163",1,171458816,0.000663829423842755
"1339","rs13476230",1,171622346,0.000946857079915762
"1340","rs3712524",1,171780175,0.000391721344766197
"1341","rs4222821",1,171902321,0.000750366015154872
"1342","rs3719206",1,171965266,0.00151079405518366
"1343","rs13476231",1,172238995,0.00104762575087091
"1344","rs3090341",1,172343863,6.96638924050693e-05
"1345","rs13476232",1,172437722,0.000511719235164119
"1346","rs13476234",1,172771717,0.00031900236919529
"1347","rs8242852",1,172980758,0.00106151351829175
"1348","rs8237062",1,173148974,0.00157484832984844
"1349","rs8258245",1,173155436,0.00108119482388107
"1350","rs8245216",1,173171049,0.000333833365078096
"1351","rs8245237",1,173176208,0.000558160729373497
"1352","UT_1_175.440616",1,173512974,NA
"1353","UT_1_175.440644",1,173513002,NA
"1354","rs13476237",1,173631425,NA
"1357","rs13476239",1,174151791,NA
"1360","rs13476241",1,174792234,NA
"1361","UT_1_176.817447",1,174887261,NA
"1363","rs8242509",1,175151965,NA
"1364","rs13476242",1,175295409,NA
"1366","rs13476248",1,176081703,NA
"1367","rs6220667",1,176134431,NA
"1368","rs13476249",1,176378787,NA
"1372","rs13476250",1,176534528,NA
"1374","rs13476251",1,176722287,NA
"1376","rs13476253",1,176925254,NA
"1378","rs6213386",1,177262271,NA
"1380","rs3143355",1,177762832,NA
"1381","rs3700831",1,177945546,NA
"1382","rs6317022",1,178047217,NA
"1383","rs3723788",1,178114736,NA
"1384","rs3705103",1,178339586,NA
"1385","rs3706759",1,178712284,NA
"1386","rs3702990",1,178859245,NA
"1387","rs13476258",1,178912638,NA
"1388","rs13476259",1,179199621,NA
"1389","rs6230017",1,180122748,NA
"1390","rs3090726",1,180186518,NA
"1391","rs4222856",1,180250883,NA
"1392","CEL-1_178482360",1,180395824,NA
"1393","CEL-1_178635782",1,180548380,NA
"1394","rs6316558",1,180701489,NA
"1395","rs6371431",1,180859579,NA
"1396","rs13459055",1,180973891,NA
"1397","rs6364466",1,181073094,NA
"1398","rs13476264",1,181330183,NA
"1399","rs13476265",1,181540555,NA
"1400","rs6301437",1,181748247,NA
"1401","mCV23522667",1,181795173,NA
"1402","mCV24589568",1,181892672,NA
"1403","rs13476267",1,182213810,NA
"1404","rs13474399",1,182531141,NA
"1405","rs3022877",1,182534931,NA
"1406","mCV23509126",1,182669036,NA
"1407","rs13476269",1,182796196,NA
"1408","rs8265812",1,182865396,NA
"1409","rs8265821",1,182867503,NA
"1410","rs13476270",1,183006589,NA
"1411","rs13476271",1,183213870,NA
"1412","rs13476272",1,183347300,NA
"1413","CEL-1_181659112",1,183509603,NA
"1414","CEL-1_181789956",1,183639257,NA
"1415","CEL-1_181947877",1,183792465,NA
"1416","CEL-1_182091301",1,183935996,NA
"1417","rs13476273",1,184020546,NA
"1418","rs6208459",1,184271870,NA
"1419","gnf01.186.534",1,184421682,NA
"1420","rs3722233",1,184569434,NA
"1421","rs6157620",1,185385632,NA
"1422","rs3693165",1,185401055,NA
"1423","rs13476279",1,185630493,NA
"1424","gnf01.188.006",1,185869564,NA
"1425","rs6214478",1,186110395,NA
"1429","rs13476283",1,186729361,NA
"1430","rs6154379",1,187001740,NA
"1431","rs3678066",1,187552612,NA
"1432","rs13476286",1,187710901,NA
"1434","rs13476288",1,188060829,NA
"1435","rs13476289",1,188452609,NA
"1436","mCV22849619",1,188708526,NA
"1437","rs3694793",1,188745077,NA
"1438","rs13476290",1,188993256,NA
"1439","rs13476291",1,189435268,NA
"1440","rs13476292",1,189743108,NA
"1442","rs13476293",1,190086997,NA
"1443","mCV23994528",1,190190125,NA
"1444","rs13476294",1,190268338,NA
"1445","rs3655423",1,190342085,NA
"1446","rs3667164",1,190511430,NA
"1451","rs3654705",1,191159138,NA
"1452","rs13476297",1,191177832,NA
"1454","mCV23586427",1,191625780,NA
"1455","rs3675669",1,191629831,NA
"1456","rs3699009",1,191712842,NA
"1457","rs3694932",1,191912006,NA
"1458","mCV23204820",1,191933702,NA
"1459","mCV23990401",1,191982649,NA
"1460","rs13476300",1,192122401,NA
"1461","mCV24786469",1,192291945,NA
"1462","rs13476301",1,192407631,NA
"1463","rs13476302",1,192645162,NA
"1464","rs3713460",1,192866917,NA
"1465","rs13476304",1,193054695,NA
"1466","gnf01.195.387",1,193280111,NA
"1467","rs13476308",1,193610492,NA
"1468","rs8253327",1,193731896,NA
"1469","rs13476309",1,194049591,NA
"1471","rs3708442",1,194167671,NA
"1472","rs3689947",1,194325776,NA
"1473","rs13493060",1,194439329,NA
"1474","rs3654502",1,194704248,NA
"1475","rs3706842",1,194834128,NA
"1476","rs3684501",1,194920921,NA
"1477","rs3022878",1,195048031,NA
"1478","rs4222922",1,195098784,NA
"1479","rs4222920",1,195098904,NA
"1480","gnf01.197.353",1,195300969,NA
"1481","rs13476311",1,195604938,NA
"1482","rs13476312",1,195793350,NA
"1483","rs13476313",1,195987683,NA
"1484","mCV23970227",1,196207683,NA
"1485","rs13476314",1,196289169,NA
"1486","rs13476315",1,196404185,NA
"1490","rs13476316",1,197014546,NA
"1491","rs6277765",1,197015594,NA
"1492","mCV24145570",1,197134585,NA
